Mes,Irradiancia_It_mean,Irradiancia_It_std,Temperatura_Tt_mean,Temperatura_Tt_std,Humedad_Ht_mean,Humedad_Ht_std,Viento_Wt_mean,Viento_Wt_std,kWh_Total
2019-01,472.53437499999995,290.8001357080684,34.97927083333334,4.470299566260409,33.695277777777775,11.637369426548146,5.619625,2.3581305353926503,2139572.66
2019-02,475.6513988095238,289.917855344046,35.53404761904762,4.329121828579197,32.364672619047624,11.669659520540334,5.840678571428572,2.0310399815914573,4486629.63
2019-03,437.7625,269.93273058268574,35.81604838709677,3.975914308087319,34.10059139784946,10.426659934281679,5.206838709677419,2.1138968922230714,9895324.82
2019-04,441.6781034482759,270.64410859226376,34.427183908045976,4.1053245247010715,41.97181034482759,15.432722632028542,4.853793103448276,2.0650131783625714,11038504.26
2019-05,434.54787634408603,258.7638721373411,32.200698924731185,4.308044633797484,56.241021505376345,19.886283236148575,3.9763548387096774,1.8993306589209855,8813251.3
2019-06,458.16925,261.39928314279985,32.396638888888894,3.6758988566137805,53.103972222222225,17.013662461720077,4.7766,2.044900399669442,10233720.61
2019-07,505.44620967741935,284.22209179543114,34.652231182795695,4.081568540028398,40.516209677419354,15.528220684170304,5.005645161290323,2.122454461498657,10863822.83
2019-08,499.1791935483871,299.6409724248039,34.07438172043011,3.982886016234616,46.61661290322581,16.995388032424064,4.440096774193549,1.8179906301492095,11254412.1
2019-09,458.17213888888887,283.26937954907856,32.71908333333334,4.001971240425423,52.64738888888889,18.197495354423072,4.4589,1.7371385529338572,10639397.72
2019-10,403.79903225806447,250.62230007204178,29.71709677419355,2.931417448974349,66.46024193548386,15.970151528194487,3.3048387096774197,1.4025988607623374,10448212.44
2019-11,413.1457222222222,257.8946068943961,30.032777777777774,3.2040206384034704,64.74588888888889,16.030346840305388,3.5412000000000003,1.5406629777930219,11376632.94
2019-12,417.1504569892473,265.5706242219871,32.715940860215056,4.008246476104563,48.766854838709676,16.256086500210362,3.493258064516129,1.4742044053118921,11037462.15
2020-01,451.3802419354839,278.74926667413837,34.05916666666667,4.401087050742354,38.663440860215054,15.174526018317346,6.0802258064516135,2.8767978290823795,13595073.94
2020-02,506.30106321839077,305.1098616372778,35.98494252873563,4.45332712419307,31.66235632183908,11.3371332784586,6.440379310344827,2.551750521901786,13433031.04
2020-03,509.14612903225805,303.6711489687035,36.25720430107527,4.3393861877517255,28.893629032258065,9.982768496190568,5.454774193548387,1.8774994331239492,13867717.58
2020-04,461.0903333333333,281.5851064565765,35.55375,4.121965968694456,37.21386111111111,13.317913118855385,4.8713999999999995,2.078036462316932,12546860.0
2020-05,448.027688172043,268.0947150611098,35.18701612903226,4.142975800667243,42.94198924731183,14.488911228690577,4.541709677419355,1.9385761194782152,11828172.19
2020-06,460.9883333333333,263.3364802947723,35.31613888888889,4.042361252187996,39.287416666666665,13.836845436604769,4.4350000000000005,1.6824909706430113,11261314.52
2020-07,454.71228494623654,265.6479117012983,34.314408602150536,3.916995579048698,43.62844086021506,16.119619534923,3.8623548387096776,1.5899369269570385,11209268.61
2020-08,430.64779569892477,262.9600367800702,33.44486559139785,4.0051699383740225,48.04725806451612,17.34143211886558,4.532709677419355,1.898459290658834,10066048.48
2020-09,461.3705,280.7535085239289,31.474861111111114,3.516479862209458,56.374361111111114,16.700704691573375,4.1097,1.7045575346282502,10288366.18
2020-10,433.18155913978495,264.7313498364743,31.921720430107523,3.8747446481988823,53.33819892473119,16.94717281904876,4.161096774193549,1.724144871459276,9869767.84
2020-11,378.17830555555554,244.64347331315705,30.43388888888889,3.4688066211316215,58.00969444444445,15.531390934594373,4.0805,1.9951050446720255,8122495.66
2020-12,437.82688172043015,271.7433449646343,33.51801075268818,4.1834376712472015,41.79083333333333,14.8247723983262,3.926709677419355,1.5084284646630823,10037563.16
2021-01,473.55075268817205,290.4194587571033,32.79822580645161,4.8002411296779535,42.45685483870968,18.133260457657148,4.341774193548387,1.6346570492156938,10639934.37
2021-02,504.3062202380953,300.25159052507104,34.69032738095238,4.482602676813262,36.07220238095238,13.686902135268316,4.460464285714286,1.6221415801906343,10766491.52
2021-03,474.9676388888889,291.504938478514,34.22827777777778,4.146219787935381,35.62438888888889,12.99123714364567,4.6477,1.9056279758055357,10984154.64
2021-04,457.228908045977,286.1954834092884,34.49330459770115,3.842761787411691,40.1057183908046,12.132958889457395,4.7603793103448275,2.0943547656802264,10063997.95
2021-05,459.70744444444443,273.00079244555724,35.55102777777778,4.070497468014106,37.156305555555555,11.625229525560982,5.1224,2.0327307746547283,8729961.54
2021-06,441.2320277777778,259.99612182033553,34.77144444444444,3.7513299587347055,39.112944444444445,12.077014227164941,4.4505,1.9058867126773007,8806818.64
2021-07,483.892311827957,283.89946975040334,36.07997311827957,4.27606505379524,35.942553763440856,13.747690173440713,6.027677419354839,2.368864156998779,12267631.25
2021-08,468.1016666666667,281.2340252089354,34.258682795698924,3.809005945472023,42.303897849462366,13.92190376501602,5.142774193548387,2.0197792312389224,10396302.54
2021-09,464.27911111111115,283.9871198201077,33.845,4.1189532028739,44.239444444444445,14.669076173732858,4.1343,1.8178115708080926,10305327.77
2021-10,420.1862365591398,261.97396387748097,32.708091397849465,3.865161257900554,49.505349462365594,15.537109793654704,4.597354838709678,1.925746715649196,11067156.94
2021-11,419.77658333333335,269.07782830842774,33.67066666666667,4.515988137488707,41.903055555555554,16.858346604800886,3.648,1.6038988152220668,12225603.21
2021-12,424.6018817204301,266.54269988442496,34.23852150537634,4.0780725478754976,36.82462365591398,13.146721650452614,3.968032258064516,1.6802026443796385,12752245.4
2022-01,460.9011021505376,282.61072917413196,34.62825268817204,4.401131918925232,31.538602150537635,11.427934219295034,4.753064516129032,1.8242053444400375,13895797.19
2022-02,466.5917261904762,287.9728606045586,34.97035714285715,4.270594267131482,32.10934523809524,12.217757037717428,4.809,1.8835164699405507,12850733.51
2022-03,457.44747311827956,280.3356756239917,34.34922043010753,4.138540139345316,38.48852150537634,14.181448825845525,4.870741935483871,2.0158716662358813,13779468.56
2022-04,429.7019827586207,253.86371239446,31.714137931034482,4.174657397245729,55.85850574712643,18.626808329364206,4.942862068965518,1.8896230853139275,12980938.93
2022-05,445.29027777777776,277.12792568780014,31.44130555555556,3.490152037293373,59.74613888888889,16.98665361181335,4.1783,1.6230439709004572,12125130.86
2022-06,388.67491666666666,227.1032373516326,30.356805555555557,2.887532621764085,63.29605555555556,15.108879456697528,3.7916000000000003,1.5599287234627504,10943069.43
2022-07,454.14927419354837,251.04380664805322,32.59620967741936,3.9363538054984897,52.601102150537635,17.840249705754154,3.6983225806451614,1.5983634565789526,13340255.83
2022-08,453.26040322580644,281.51509298342256,31.805994623655913,3.7906941423482805,55.45983870967742,17.95607865378228,3.7878387096774193,1.7343978893568042,12520268.26
2022-09,424.1699722222222,252.62223844141747,29.103444444444445,2.6491395191441036,70.93127777777778,14.584017983238978,3.5113,1.5334477980367054,11761944.1
2022-10,394.6830913978495,239.4961130451449,28.516532258064515,2.6289559213028637,74.54658602150538,14.880928220426135,3.867483870967742,1.5845922251338938,11344438.01
2022-11,361.30619444444443,225.52480537333517,28.21361111111111,2.753829901085063,74.74938888888889,14.257578258142683,3.1635000000000004,1.6408863882901117,10746801.79
2022-12,451.9790053763441,278.3993909062295,30.61596774193548,4.228228698743216,52.59607526881721,16.947275752888842,3.9780967741935487,1.6640354648700741,13827424.02
2023-01,453.0669722222222,284.5741070167845,32.40547222222222,4.35416661455487,41.82197222222222,16.40175623279767,4.6864,2.035329695767626,12683629.84
2023-02,504.3386111111111,294.6504844499834,34.844783950617284,4.468818727589116,32.08324074074074,11.84907770276914,5.934444444444445,1.9721473955678874,13104196.79
2023-03,462.6670161290323,283.9590577364762,33.61870967741935,4.580867154059434,41.526774193548384,16.737155442770156,5.294225806451613,2.190127555413572,13968635.51
2023-04,457.30305555555555,280.5888430976193,32.65875,4.115220859545845,49.62277777777778,18.223096476374376,5.1827000000000005,2.276202858473908,11968831.12
2023-05,454.9402688172043,275.9236027687503,33.02717741935484,4.092707779836344,53.41153225806452,18.399507847236574,4.678548387096774,1.9801106125880048,12969364.94
2023-06,453.3329444444445,266.7349976174483,32.72397222222222,3.9156921001505847,55.11783333333333,18.348469664390812,4.2515,1.8886221931082012,12624072.1
2023-07,478.9097580645161,278.51568971603837,34.365887096774195,3.8146413944629898,46.8430376344086,16.41917752137311,4.575193548387097,2.0148526435886214,13325642.26
2023-08,491.54956989247313,286.72029991739356,34.46989247311828,4.273383490562186,46.699489247311824,17.692662526753807,4.448806451612904,1.8950925516052348,13295989.77
2023-09,472.0820833333333,283.31037697805397,34.61763888888889,3.8153304938515498,46.297666666666665,15.756632068764507,4.2895,1.8453430281020655,12609645.1
2023-10,413.6784946236559,250.69813058025366,30.803924731182793,3.5248696215274076,65.08551075268818,17.92968979899803,4.245387096774194,1.6949106538944199,12131952.98
2023-11,411.33597222222227,257.9403806104619,30.530194444444447,3.5320214789979323,66.54141666666666,17.378608483028973,3.6185,1.519808643210624,12756108.73
2023-12,418.21884408602153,264.5786483990861,33.18260752688172,4.0516624556069525,49.82260752688172,16.415138924323752,4.325225806451614,1.8141735720192522,14739962.19
