Año,Mes,Recurso,6,7,8,9,10,11,12,13,14,15,16,17,Total_Generacion,Temperatura_Tt,Viento_Wt,Irradiancia_It
2019,1,EL PASO,510.00375,4030.3920833333336,7648.948333333334,9779.89875,10665.139166666666,11055.09875,11193.907083333334,10866.255,10123.337916666665,7839.864166666666,4540.126666666666,895.8891666666667,89148.86083333334,33.081250000000004,10.03125,491.7083333333333
2019,2,EL PASO,1058.4760714285715,7235.299642857142,13439.839285714286,16284.332857142857,18510.215357142857,20015.82607142857,20321.048214285714,19957.629285714287,17905.289285714283,14296.567857142858,8896.358571428571,2315.89,160236.7725,33.44166666666667,11.20029761904762,517.1577380952381
2019,3,EL PASO,2883.484193548387,15704.177419354839,28329.5535483871,35280.02129032258,38586.52483870968,40127.63,40865.54129032258,38190.21677419355,33766.859032258064,26857.028387096776,15516.883548387097,3096.1061290322577,319204.02645161294,32.86317204301075,7.873655913978495,493.5430107526882
2019,4,EL PASO,6258.486206896552,23531.795172413797,36290.206551724135,42580.77172413793,45477.62379310345,44879.07655172414,45681.560689655176,43082.487586206895,40217.25379310345,31858.371379310345,17388.72344827586,3391.7210344827586,380638.0779310345,31.89281609195402,6.2795977011494255,474.86494252873564
2019,5,EL PASO,5097.250967741936,14793.886451612903,25023.444838709678,31494.733870967742,33480.20741935484,37182.95451612904,37822.72129032257,34635.39838709678,29999.705483870966,21812.729032258063,10776.047419354838,2179.3493548387096,284298.4290322581,29.84731182795699,4.9174731182795695,389.7607526881721
2019,6,EL PASO,5858.327333333334,17261.99466666667,30467.458,39126.26766666667,43739.32866666667,43380.42366666666,43079.977333333336,39762.274,33620.08266666667,26201.65566666667,14525.668,4100.562666666667,341124.0203333333,31.235,5.880277777777778,451.325
2019,7,EL PASO,5374.148064516129,18533.01516129032,29781.929032258067,38875.713548387095,43539.316774193554,46444.374516129035,44742.397741935485,42679.767096774194,36885.434838709676,26068.610645161287,13904.718387096775,3616.471935483871,350445.8977419355,33.07204301075269,5.868817204301076,496.22849462365593
2019,8,EL PASO,4229.272580645162,16450.48806451613,28413.800967741936,39482.62193548387,45519.918064516125,47974.62580645161,48022.58225806452,46113.49806451613,40826.92870967742,29322.272258064513,13794.643225806452,2894.8996774193547,363045.5516129032,33.33010752688172,6.146236559139785,486.63709677419354
2019,9,EL PASO,4590.776333333333,16658.744333333332,30001.38866666667,39216.887,41601.86233333334,43206.85166666667,45005.70533333333,46203.01433333333,40951.443333333336,30631.164333333334,14309.442000000001,2269.311,354646.5906666667,30.897222222222222,5.1899999999999995,434.2
2019,10,EL PASO,5670.557741935484,19364.80193548387,28719.52129032258,36915.720322580644,40150.38,42845.79419354839,43166.20709677419,42528.04290322581,34976.06451612903,29114.410967741936,12717.962903225805,869.6470967741936,337039.11096774193,28.48736559139785,3.985752688172043,404.7983870967742
2019,11,EL PASO,6649.414666666667,27006.692,36308.975,42551.04066666667,46481.941,48235.365333333335,46268.017,44379.202333333335,39229.464,29417.335333333336,12249.843333333332,443.8073333333333,379221.098,30.79111111111111,5.120555555555556,435.6472222222222
2019,12,EL PASO,3890.7770967741935,23398.97806451613,37842.28451612903,42374.606451612904,43092.28129032258,42612.481290322576,41907.14161290322,40481.91741935484,36099.9735483871,30203.696774193548,13260.51064516129,882.5174193548387,356047.16612903227,32.4994623655914,6.612903225806452,437.9274193548387
2020,1,EL PASO,2122.84,22701.206451612903,42140.86129032258,49298.30322580645,51626.91419354839,52205.36612903226,51890.83677419354,50759.052580645155,47360.24612903226,41331.716129032255,23528.12935483871,3585.3,438550.7722580645,32.744623655913976,11.825,470.93279569892474
2020,2,EL PASO,2297.502068965517,24754.77724137931,45813.38172413794,51594.425862068965,53734.05413793104,53307.9175862069,53682.09344827586,51380.77275862069,48683.200689655176,43011.261379310345,28854.169310344827,6094.410689655173,463207.9668965517,34.53706896551724,11.505172413793103,519.169540229885
2020,3,EL PASO,4210.3896774193545,26592.87516129032,43698.74290322581,51014.03032258064,53160.742580645165,54164.143548387096,52355.1835483871,48972.070645161286,45110.277096774196,39164.76741935484,24241.837419354837,4660.668064516129,447345.7283870968,34.82365591397849,10.704569892473117,538.7688172043011
2020,4,EL PASO,7614.75,27605.30166666667,40534.185333333335,45804.523,49120.789333333334,48553.91366666667,48540.002,46244.768000000004,43478.849,36231.65866666667,21091.554333333333,3408.3716666666664,418228.6666666667,32.60888888888889,5.453611111111112,496.2388888888889
2020,5,EL PASO,8080.077096774194,23925.62935483871,33684.89548387097,39740.599677419355,43841.56903225806,44821.53548387097,45142.97483870968,42829.28677419355,40600.70322580645,36461.12935483871,19548.50258064516,2877.0387096774193,381553.9416129032,30.852150537634408,4.696236559139785,442.255376344086
2020,6,EL PASO,8224.430666666667,23827.303666666667,33807.185333333335,38815.38333333333,42756.382333333335,44450.621666666666,43827.73266666666,43618.56533333333,37216.581666666665,32657.975333333332,21752.751666666667,4422.236999999999,375377.1506666666,30.6675,5.303888888888889,472.275
2020,7,EL PASO,4425.327096774193,13905.779354838709,27197.554838709675,34607.055806451615,39638.085483870964,44873.259032258065,47354.79483870968,44379.66064516129,45085.0264516129,36076.562258064514,19573.47741935484,4472.726774193548,361589.31,29.962903225806453,4.369623655913979,450.5591397849462
2020,8,EL PASO,4047.7245161290325,15091.101612903227,26236.301612903226,33200.81290322581,39115.57451612903,42702.21741935484,44284.75258064517,40274.030967741935,37162.38870967742,26137.152903225808,13077.821612903226,3381.361935483871,324711.2412903226,30.18951612903226,4.714516129032258,443.8817204301075
2020,9,EL PASO,3841.9753333333333,14112.043,27600.13133333333,36348.226,42362.99166666667,44065.12233333333,45118.20466666667,43955.775,39458.229,29015.1,14914.437666666667,2153.3033333333333,342945.5393333333,28.869444444444444,4.706388888888889,428.56944444444446
2020,10,EL PASO,4041.403870967742,14144.29741935484,26937.196129032258,35510.76677419355,42821.38225806452,45136.2764516129,44114.072258064516,41822.051612903226,33546.22838709677,21578.88870967742,8096.644516129031,630.3993548387097,318379.60774193547,28.883602150537634,4.541935483870968,414.56720430107526
2020,11,EL PASO,2834.866666666667,13113.359333333334,23519.670666666665,31724.587333333333,37020.41333333333,37835.115,37496.168,34726.37433333333,26502.765,17629.845666666668,7924.711333333334,421.9786666666667,270749.8553333333,28.3125,4.5872222222222225,381.6972222222222
2020,12,EL PASO,2463.0229032258067,16165.400967741934,30168.999032258063,37860.24580645162,42873.67419354838,43820.488064516125,42557.13064516129,38929.200967741934,33098.58806451613,23518.080967741935,11482.522903225807,855.0054838709679,323792.36,31.792473118279567,7.918548387096774,450.0
2021,1,EL PASO,1572.0709677419354,14672.222903225807,29543.026774193546,38337.511935483875,43735.552903225805,45403.3335483871,45976.49677419355,42073.49451612904,36714.09032258065,27424.953225806454,15348.655161290322,2422.280322580645,343223.68935483875,33.141129032258064,10.567473118279569,497.13440860215053
2021,2,EL PASO,2000.9682142857143,17887.42892857143,34042.90964285714,43356.2675,48113.94357142857,50131.362857142856,48621.14357142857,45372.5025,40701.537142857145,32043.755714285715,18598.033571428572,3647.7010714285716,384517.5542857143,34.025,9.216964285714285,510.9702380952381
2021,3,EL PASO,3888.3033333333337,20007.646,34122.45133333334,40941.696,46197.54033333333,44849.729999999996,45176.59033333333,40273.862,37956.108,31199.383333333335,17893.995333333332,3631.182,366138.488,33.48361111111111,10.034444444444444,502.5833333333333
2021,4,EL PASO,5083.984137931035,18987.829655172416,29340.12275862069,39632.23275862069,42151.56620689655,43968.85137931034,43319.9775862069,42084.31724137931,36155.27068965517,28092.934827586207,15243.024827586209,2974.2999999999997,347034.41206896555,31.1198275862069,5.396264367816093,436.1465517241379
2021,5,EL PASO,4308.114,14662.987333333333,26363.012666666666,32158.799333333332,35846.093,38080.119333333336,37699.004,34260.592,29954.93133333333,22637.198666666667,12357.360333333334,2670.5060000000003,290998.71800000005,30.47416666666667,5.2363888888888885,459.21666666666664
2021,6,EL PASO,5177.972,15898.787,25666.308,31853.707,33713.631,35813.04433333334,35764.45,35000.168333333335,31657.154333333332,25198.668666666665,14762.166333333333,3054.5643333333333,293560.6213333334,29.769444444444446,4.230555555555556,428.40277777777777
2021,7,EL PASO,6673.677096774193,22474.42580645161,34026.47935483871,41044.36709677419,44672.43838709678,46885.95516129032,49251.936451612906,45620.42741935484,42396.602258064515,34216.93419354838,22723.782258064515,5743.014838709677,395730.04032258067,31.51290322580645,5.8865591397849455,469.62634408602156
2021,8,EL PASO,4852.09870967742,15397.707096774193,23462.571612903226,34069.43838709678,40044.24193548387,42366.50064516129,40557.66741935484,39971.11064516129,37778.69387096774,33202.82258064516,19781.338064516127,3880.407096774193,335364.5980645161,29.049193548387095,4.432258064516129,431.83333333333337
2021,9,EL PASO,4673.717000000001,15683.080666666667,25792.834333333336,35077.60566666666,40356.63033333333,43232.666333333334,42674.278000000006,42946.185333333335,38949.441333333336,32301.814333333336,18776.722333333335,3045.95,343510.92566666665,29.28388888888889,3.837777777777778,461.43888888888887
2021,10,EL PASO,5915.890322580645,20010.021612903227,30261.27129032258,37876.47258064516,42496.57451612903,44194.579032258065,45660.82161290322,44910.86225806452,40409.14258064516,30998.75806451613,13410.298387096775,860.3703225806452,357005.06258064514,28.440322580645162,4.031451612903226,428.4005376344086
2021,11,EL PASO,7013.35,27946.055666666667,39434.05233333333,45199.780666666666,48428.227666666666,50616.235,49203.66366666667,45944.272333333334,42826.81066666667,35556.87233333333,14767.222666666667,583.5640000000001,407520.10699999996,28.723055555555554,4.223888888888889,448.33888888888885
2021,12,EL PASO,4761.922258064516,27352.967419354838,42679.55612903226,47986.58290322581,49800.53580645162,48232.081612903225,48264.88612903226,45979.97193548387,42478.297419354836,35180.920967741935,17491.136451612903,1153.895806451613,411362.75483870966,31.180913978494623,6.968548387096774,460.747311827957
2022,1,EL PASO,2303.07,26869.913225806453,45944.00516129032,50527.54612903226,51806.4435483871,51636.22645161291,52247.01741935484,50100.61258064516,47112.50516129032,41805.23064516129,24394.550322580642,3504.4016129032257,448251.5222580645,32.62016129032258,7.219892473118279,491.44354838709677
2022,2,EL PASO,2636.1917857142857,25900.785357142857,44690.220357142854,52357.599285714285,54375.875,53115.803928571426,52981.52428571428,50518.02857142857,47311.356785714284,41031.20035714286,28455.432857142856,5580.749642857142,458954.7682142857,33.12321428571429,11.2125,508.1488095238095
2022,3,EL PASO,4663.756774193548,25626.231612903222,39436.155806451614,48402.01225806451,51418.237096774195,53720.98774193549,54262.75161290323,52096.11,47305.84935483871,40525.644838709675,22478.486129032255,4562.7625806451615,444498.98580645164,31.72741935483871,7.358870967741935,497.9327956989248
2022,4,EL PASO,6929.146551724138,23640.05448275862,41378.49275862069,49816.35172413793,53983.65344827586,54374.13103448276,53329.39586206897,50971.63724137931,47089.38344827587,38248.05586206897,23401.92551724138,4456.3558620689655,447618.58379310346,29.419540229885055,5.280459770114942,456.0
2022,5,EL PASO,9061.556666666667,23130.689000000002,33810.01533333333,40672.579999999994,44706.592333333334,49293.023,49726.449,49202.258,44914.208,33626.176,21451.212333333333,4576.269,404171.0286666667,28.860555555555553,3.7583333333333333,443.9527777777778
2022,6,EL PASO,5204.713999999999,17458.478333333333,29445.751,36608.265666666666,40500.06966666667,43723.746999999996,44413.52566666667,43777.71466666667,41427.679000000004,35788.172666666665,20746.643333333333,5674.22,364768.98099999997,27.529166666666665,4.038055555555555,425.01666666666665
2022,7,EL PASO,8047.526774193549,26448.536774193548,38978.40387096774,46711.75129032258,48956.220322580644,50058.03967741936,50425.44516129032,46794.11,44852.9435483871,38260.61612903226,23622.11870967742,7175.120967741936,430330.8332258065,28.95779569892473,4.511290322580645,480.63440860215053
2022,8,EL PASO,5586.326451612903,19978.587741935484,32598.79129032258,40987.35387096774,45525.16548387097,50295.98903225806,51460.26806451613,48914.12096774193,43605.310000000005,38018.63806451613,21973.685483870966,4935.384838709677,403879.62129032257,28.544623655913977,4.029569892473118,464.0456989247312
2022,9,EL PASO,5361.252666666667,19662.129,31530.333333333332,42437.793,47335.403000000006,46537.479999999996,49469.081666666665,47861.54366666667,44954.248,34470.798,19343.377666666664,3101.3633333333332,392064.80333333334,27.891944444444444,3.984722222222222,438.38055555555553
2022,10,EL PASO,5362.089354838709,19225.159677419353,30012.150967741934,37345.94903225806,42475.37580645161,45725.85032258065,44576.87806451613,45496.52322580645,44283.815161290324,34621.489677419355,15887.964516129034,936.3674193548387,365949.61322580645,27.5513440860215,4.001881720430108,418.8225806451613
2022,11,EL PASO,6057.405,23459.707,34946.376000000004,42080.73333333333,42834.496666666666,43614.10433333334,44487.670333333335,44318.26433333333,39163.047666666665,27000.551333333333,9974.765666666668,289.6046666666667,358226.72633333335,27.556388888888886,4.679722222222222,409.4472222222222
2022,12,EL PASO,4870.290322580645,31334.921290322578,47546.50096774194,51045.30935483871,51149.74,50881.2335483871,50686.11677419355,49009.470645161295,46243.95129032258,40471.56774193548,21506.399032258065,1300.4351612903224,446045.9361290322,29.54596774193548,6.763440860215053,482.4086021505376
2023,1,EL PASO,2379.5716666666663,25520.966333333334,44578.98033333333,47165.72233333333,48892.670666666665,48794.324,48412.85433333333,45910.935333333335,41883.81433333333,38824.492,26605.273999999998,3818.0559999999996,422787.66133333335,30.014999999999997,7.679444444444444,481.5527777777778
2023,2,EL PASO,3177.7551851851854,30171.103333333336,50893.770370370374,54604.666666666664,54273.013333333336,52114.427407407406,52949.014814814815,51867.46518518519,49721.729629629626,45725.98555555556,33643.12962962963,6198.560740740741,485340.6218518518,32.586419753086425,13.271296296296295,534.7808641975308
2023,3,EL PASO,5167.93064516129,27545.94419354839,43648.563548387094,49989.07806451613,49417.47,50910.15548387097,52572.35161290322,51623.14580645161,46284.44935483871,41260.69387096774,26855.793548387097,5325.56935483871,450601.14548387093,31.674193548387095,8.203763440860214,506.41666666666663
2023,4,EL PASO,7208.063666666667,28773.718666666668,37001.02033333333,42944.00466666666,44877.388000000006,45984.070666666674,45493.282,40659.111333333334,41988.45533333333,36529.45966666667,23102.255666666668,4400.207333333334,398961.0373333333,30.905277777777776,6.125,501.09166666666664
2023,5,EL PASO,8959.43258064516,26686.15806451613,38585.206774193546,46408.17193548387,46549.63225806452,45843.51935483871,49303.48032258064,48060.17838709678,43604.29967741935,36560.54806451613,23178.996129032257,4626.9874193548385,418366.610967742,30.38037634408602,4.386290322580645,465.6263440860215
2023,6,EL PASO,9202.194333333335,23924.297000000002,36786.14433333334,43010.46433333333,47460.433666666664,48961.932,50747.62366666667,49365.199,46319.51433333333,35234.01966666667,23490.29666666667,6300.284333333333,420802.4033333333,29.78944444444444,3.913888888888889,471.5
2023,7,EL PASO,8505.294838709679,25320.6935483871,37126.020000000004,44980.205483870974,51192.918387096775,52055.30225806452,52545.77838709677,50462.06774193548,46080.743870967744,36604.38612903226,20083.82193548387,4902.195161290322,429859.4277419355,31.15215053763441,3.929569892473118,496.76612903225805
2023,8,EL PASO,6901.11935483871,25529.29806451613,39346.77870967742,46000.63806451613,47361.48741935484,49030.738064516125,51337.90096774193,50405.91741935484,46485.63322580645,39966.610322580644,22116.685161290323,4420.089032258064,428902.8958064516,31.203494623655917,4.269354838709678,490.7741935483871
2023,9,EL PASO,6621.416333333333,25254.980666666666,36315.926666666666,45911.564,51257.083333333336,52154.835333333336,51943.92766666667,49311.773,44631.82233333333,36031.041,18620.515666666666,2266.6173333333336,420321.5033333333,31.150277777777777,4.578611111111112,486.36111111111114
2023,10,EL PASO,7703.803870967742,25983.052258064516,36546.772580645156,43280.32322580645,46010.75387096775,49678.541935483874,48755.50838709677,44348.813548387094,39749.02677419355,32239.093548387096,15978.36193548387,1079.27,391353.3219354839,29.129301075268817,4.676344086021506,433.66666666666663
2023,11,EL PASO,6781.307333333333,25916.363,40973.508,49075.73533333334,50790.72266666666,52737.549666666666,50141.89233333334,48837.522,46203.276333333335,36525.772666666664,16657.798333333332,562.1766666666666,425203.62433333334,29.278055555555557,4.2275,438.575
2023,12,EL PASO,4954.641612903226,29029.41838709677,46625.08064516129,54151.22806451613,58417.73774193549,56878.63387096774,56907.53161290322,53493.28161290322,49914.78,41291.71870967742,22322.69258064516,1495.906451612903,475482.65129032254,31.699462365591398,6.718817204301075,466.03494623655916
